occupation,mean_age
?,40.882799782962564
Adm-clerical,36.96445623342175
Armed-Forces,30.22222222222222
Craft-repair,39.03147109050988
Exec-managerial,42.16920806689621
Farming-fishing,41.2112676056338
Handlers-cleaners,32.16569343065694
Machine-op-inspct,37.71528471528472
Other-service,34.94962063732929
Priv-house-serv,41.7248322147651
Prof-specialty,40.51763285024155
Protective-serv,38.9537750385208
Sales,37.353972602739724
Tech-support,37.022629310344826
Transport-moving,40.19787100814026
